Gene/ORF Name,Guide Sequence,Location in Gene,Strand,Entropy Score
BBa_K608011,CAAACTCAAGAAGGACCATG,732.0,Negative,11.471280608116329
BBa_K608011,CAGCTGTTACAAACTCAAGA,741.0,Negative,11.604883944697157
BBa_K608011,TGCTGGGATTACACATGGCA,739.0,Positive,11.005525942547337
BBa_K608011,CTCACACAATGTATACATCA,499.0,Positive,11.493879047099702
BBa_K608011,ACAGCTGCTGGGATTACACA,734.0,Positive,10.843922534110366
BBa_K608011,CAACGAAAAGAGAGACCACA,694.0,Positive,11.161796914718241
BBa_K608011,GGTTGTCTGGTAAAAGGACA,657.0,Negative,11.367912922830351
BBa_K608011,CATGCCCGAAGGTTATGTAC,322.0,Positive,11.4797927264507
BBa_K608011,GGAAAGTACTAGATGCGTAA,50.0,Positive,11.254854654496123
BBa_K608011,GCTAGCTACTAGAGTCACAC,29.0,Positive,11.45806984121387
