Gene/ORF Name,Guide Sequence,Location in Gene,Strand,Entropy Score,Number of Exact Matches,Rank in Target Gene
BBa_K608011,ACAGCTGCTGGGATTACACA,734.0,Positive,10.843922534110366,1.0,1
BBa_K608011,TGCTGGGATTACACATGGCA,739.0,Positive,11.005525942547337,1.0,2
BBa_K608011,CAACGAAAAGAGAGACCACA,694.0,Positive,11.161796914718241,1.0,3
BBa_K608011,GGAAAGTACTAGATGCGTAA,50.0,Positive,11.254854654496123,1.0,4
BBa_K608011,GGTTGTCTGGTAAAAGGACA,657.0,Negative,11.367912922830351,1.0,5
BBa_K608011,GCTAGCTACTAGAGTCACAC,29.0,Positive,11.45806984121387,1.0,6
BBa_K608011,CAAACTCAAGAAGGACCATG,732.0,Negative,11.471280608116329,1.0,7
BBa_K608011,CATGCCCGAAGGTTATGTAC,322.0,Positive,11.4797927264507,1.0,8
BBa_K608011,CTCACACAATGTATACATCA,499.0,Positive,11.493879047099702,1.0,9
BBa_K608011,CAGCTGTTACAAACTCAAGA,741.0,Negative,11.604883944697157,1.0,10
